{
	"class_name" : "PinholeCameraParameters",
	"extrinsic" : 
	[
		0.99992831890351008,
		-0.00079808590594502649,
		-0.011946552376610874,
		0.0,
		0.0011392769096813036,
		-0.98690677803684657,
		0.16128767315902903,
		0.0,
		-0.011918854933400353,
		-0.16128972231303965,
		-0.98683512623601888,
		0.0,
		-0.011918854933400391,
		-1.4867411831989958,
		63.112901160272955,
		1.0
	],
	"intrinsic" : 
	{
		"height" : 1061,
		"intrinsic_matrix" : 
		[
			918.85295341528945,
			0.0,
			0.0,
			0.0,
			918.85295341528945,
			0.0,
			959.5,
			530.0,
			1.0
		],
		"width" : 1920
	},
	"version_major" : 1,
	"version_minor" : 0
}