{
	"class_name" : "PinholeCameraParameters",
	"extrinsic" : 
	[
		0.0076883142091285659,
		-0.99973464746075102,
		-0.021714614690335265,
		0.0,
		-0.99967853550820174,
		-0.0071595969104061401,
		-0.024322126063680356,
		0.0,
		0.024160204237521833,
		0.02189463036017085,
		-0.99946831350102983,
		0.0,
		-0.22508229109375733,
		-0.16471549146403519,
		80.872571120570541,
		1.0
	],
	"intrinsic" : 
	{
		"height" : 1061,
		"intrinsic_matrix" : 
		[
			918.85295341528945,
			0.0,
			0.0,
			0.0,
			918.85295341528945,
			0.0,
			959.5,
			530.0,
			1.0
		],
		"width" : 1920
	},
	"version_major" : 1,
	"version_minor" : 0
}